<ForceField>
<AtomTypes>
<Type name="opls_811" class="H811" element="H" mass="1.008000" />
<Type name="opls_809" class="C809" element="C" mass="12.011000" />
<Type name="opls_819" class="H819" element="H" mass="1.008000" />
<Type name="opls_821" class="H821" element="H" mass="1.008000" />
<Type name="opls_822" class="H822" element="H" mass="1.008000" />
<Type name="opls_823" class="H823" element="H" mass="1.008000" />
<Type name="opls_815" class="H815" element="H" mass="1.008000" />
<Type name="opls_812" class="H812" element="H" mass="1.008000" />
<Type name="opls_801" class="C801" element="C" mass="12.011000" />
<Type name="opls_805" class="C805" element="C" mass="12.011000" />
<Type name="opls_820" class="H820" element="H" mass="1.008000" />
<Type name="opls_800" class="C800" element="C" mass="12.011000" />
<Type name="opls_818" class="H818" element="H" mass="1.008000" />
<Type name="opls_813" class="H813" element="H" mass="1.008000" />
<Type name="opls_816" class="H816" element="H" mass="1.008000" />
<Type name="opls_807" class="C807" element="C" mass="12.011000" />
<Type name="opls_817" class="H817" element="H" mass="1.008000" />
<Type name="opls_808" class="C808" element="C" mass="12.011000" />
<Type name="opls_802" class="C802" element="C" mass="12.011000" />
<Type name="opls_806" class="C806" element="C" mass="12.011000" />
<Type name="opls_804" class="C804" element="C" mass="12.011000" />
<Type name="opls_803" class="C803" element="C" mass="12.011000" />
<Type name="opls_814" class="H814" element="H" mass="1.008000" />
<Type name="opls_810" class="H810" element="H" mass="1.008000" />
</AtomTypes>
<Residues>
<Residue name="UNK">
<Atom name="C00" type="opls_800" />
<Atom name="C01" type="opls_801" />
<Atom name="C02" type="opls_802" />
<Atom name="C03" type="opls_803" />
<Atom name="C04" type="opls_804" />
<Atom name="C05" type="opls_805" />
<Atom name="C06" type="opls_806" />
<Atom name="C07" type="opls_807" />
<Atom name="C08" type="opls_808" />
<Atom name="C09" type="opls_809" />
<Atom name="H0A" type="opls_810" />
<Atom name="H0B" type="opls_811" />
<Atom name="H0C" type="opls_812" />
<Atom name="H0D" type="opls_813" />
<Atom name="H0E" type="opls_814" />
<Atom name="H0F" type="opls_815" />
<Atom name="H0G" type="opls_816" />
<Atom name="H0H" type="opls_817" />
<Atom name="H0I" type="opls_818" />
<Atom name="H0J" type="opls_819" />
<Atom name="H0K" type="opls_820" />
<Atom name="H0M" type="opls_821" />
<Atom name="H0N" type="opls_822" />
<Atom name="H0O" type="opls_823" />
<Bond from="0" to="1"/>
<Bond from="1" to="2"/>
<Bond from="2" to="3"/>
<Bond from="3" to="4"/>
<Bond from="4" to="5"/>
<Bond from="5" to="6"/>
<Bond from="6" to="7"/>
<Bond from="5" to="8"/>
<Bond from="2" to="9"/>
<Bond from="0" to="10"/>
<Bond from="0" to="11"/>
<Bond from="0" to="12"/>
<Bond from="1" to="13"/>
<Bond from="1" to="14"/>
<Bond from="3" to="15"/>
<Bond from="4" to="16"/>
<Bond from="6" to="17"/>
<Bond from="6" to="18"/>
<Bond from="7" to="19"/>
<Bond from="7" to="20"/>
<Bond from="7" to="21"/>
<Bond from="8" to="22"/>
<Bond from="9" to="23"/>
<Bond from="8" to="9"/>
</Residue>
</Residues>
<HarmonicBondForce>
<Bond class1="C801" class2="C800" length="0.152900" k="224262.400000"/>
<Bond class1="C802" class2="C801" length="0.151000" k="265265.600000"/>
<Bond class1="C803" class2="C802" length="0.140000" k="392459.200000"/>
<Bond class1="C804" class2="C803" length="0.140000" k="392459.200000"/>
<Bond class1="C805" class2="C804" length="0.140000" k="392459.200000"/>
<Bond class1="C806" class2="C805" length="0.151000" k="265265.600000"/>
<Bond class1="C807" class2="C806" length="0.152900" k="224262.400000"/>
<Bond class1="C808" class2="C805" length="0.140000" k="392459.200000"/>
<Bond class1="C809" class2="C802" length="0.140000" k="392459.200000"/>
<Bond class1="H810" class2="C800" length="0.109000" k="284512.000000"/>
<Bond class1="H811" class2="C800" length="0.109000" k="284512.000000"/>
<Bond class1="H812" class2="C800" length="0.109000" k="284512.000000"/>
<Bond class1="H813" class2="C801" length="0.109000" k="284512.000000"/>
<Bond class1="H814" class2="C801" length="0.109000" k="284512.000000"/>
<Bond class1="H815" class2="C803" length="0.108000" k="307105.600000"/>
<Bond class1="H816" class2="C804" length="0.108000" k="307105.600000"/>
<Bond class1="H817" class2="C806" length="0.109000" k="284512.000000"/>
<Bond class1="H818" class2="C806" length="0.109000" k="284512.000000"/>
<Bond class1="H819" class2="C807" length="0.109000" k="284512.000000"/>
<Bond class1="H820" class2="C807" length="0.109000" k="284512.000000"/>
<Bond class1="H821" class2="C807" length="0.109000" k="284512.000000"/>
<Bond class1="H822" class2="C808" length="0.108000" k="307105.600000"/>
<Bond class1="H823" class2="C809" length="0.108000" k="307105.600000"/>
<Bond class1="C809" class2="C808" length="0.140000" k="392459.200000"/>
</HarmonicBondForce>
<HarmonicAngleForce>
<Angle class1="C800" class2="C801" class3="C802" angle="1.989675" k="527.184000"/>
<Angle class1="C801" class2="C802" class3="C803" angle="2.094395" k="585.760000"/>
<Angle class1="C802" class2="C803" class3="C804" angle="2.094395" k="527.184000"/>
<Angle class1="C803" class2="C804" class3="C805" angle="2.094395" k="527.184000"/>
<Angle class1="C804" class2="C805" class3="C806" angle="2.094395" k="585.760000"/>
<Angle class1="C805" class2="C806" class3="C807" angle="1.989675" k="527.184000"/>
<Angle class1="C804" class2="C805" class3="C808" angle="2.094395" k="527.184000"/>
<Angle class1="C801" class2="C802" class3="C809" angle="2.094395" k="585.760000"/>
<Angle class1="C801" class2="C800" class3="H810" angle="1.932079" k="313.800000"/>
<Angle class1="C801" class2="C800" class3="H811" angle="1.932079" k="313.800000"/>
<Angle class1="C801" class2="C800" class3="H812" angle="1.932079" k="313.800000"/>
<Angle class1="C800" class2="C801" class3="H813" angle="1.932079" k="313.800000"/>
<Angle class1="C800" class2="C801" class3="H814" angle="1.932079" k="313.800000"/>
<Angle class1="C802" class2="C803" class3="H815" angle="2.094395" k="292.880000"/>
<Angle class1="C803" class2="C804" class3="H816" angle="2.094395" k="292.880000"/>
<Angle class1="C805" class2="C806" class3="H817" angle="1.911136" k="292.880000"/>
<Angle class1="C805" class2="C806" class3="H818" angle="1.911136" k="292.880000"/>
<Angle class1="C806" class2="C807" class3="H819" angle="1.932079" k="313.800000"/>
<Angle class1="C806" class2="C807" class3="H820" angle="1.932079" k="313.800000"/>
<Angle class1="C806" class2="C807" class3="H821" angle="1.932079" k="313.800000"/>
<Angle class1="C805" class2="C808" class3="H822" angle="2.094395" k="292.880000"/>
<Angle class1="C802" class2="C809" class3="H823" angle="2.094395" k="292.880000"/>
<Angle class1="C802" class2="C801" class3="H813" angle="1.911136" k="292.880000"/>
<Angle class1="C802" class2="C801" class3="H814" angle="1.911136" k="292.880000"/>
<Angle class1="H810" class2="C800" class3="H812" angle="1.881465" k="276.144000"/>
<Angle class1="H820" class2="C807" class3="H821" angle="1.881465" k="276.144000"/>
<Angle class1="C809" class2="C808" class3="H822" angle="2.094395" k="292.880000"/>
<Angle class1="H811" class2="C800" class3="H812" angle="1.881465" k="276.144000"/>
<Angle class1="C808" class2="C809" class3="H823" angle="2.094395" k="292.880000"/>
<Angle class1="C805" class2="C804" class3="H816" angle="2.094395" k="292.880000"/>
<Angle class1="C803" class2="C802" class3="C809" angle="2.094395" k="527.184000"/>
<Angle class1="C804" class2="C803" class3="H815" angle="2.094395" k="292.880000"/>
<Angle class1="H817" class2="C806" class3="H818" angle="1.881465" k="276.144000"/>
<Angle class1="H819" class2="C807" class3="H821" angle="1.881465" k="276.144000"/>
<Angle class1="C807" class2="C806" class3="H817" angle="1.932079" k="313.800000"/>
<Angle class1="H810" class2="C800" class3="H811" angle="1.881465" k="276.144000"/>
<Angle class1="H813" class2="C801" class3="H814" angle="1.881465" k="276.144000"/>
<Angle class1="C807" class2="C806" class3="H818" angle="1.932079" k="313.800000"/>
<Angle class1="C805" class2="C808" class3="C809" angle="2.094395" k="527.184000"/>
<Angle class1="H819" class2="C807" class3="H820" angle="1.881465" k="276.144000"/>
<Angle class1="C806" class2="C805" class3="C808" angle="2.094395" k="585.760000"/>
<Angle class1="C802" class2="C809" class3="C808" angle="2.094395" k="527.184000"/>
</HarmonicAngleForce>
<PeriodicTorsionForce>
<Proper class1="C803" class2="C802" class3="C801" class4="C800" k1="0.000000" k2="0.000000" k3="0.000000" k4="0.000000" periodicity1="1" periodicity2="2" periodicity3="3" periodicity4="4" phase1="0.00" phase2="3.141592653589793" phase3="0.00" phase4="3.141592653589793"/>
<Proper class1="C804" class2="C803" class3="C802" class4="C801" k1="0.000000" k2="15.167000" k3="0.000000" k4="0.000000" periodicity1="1" periodicity2="2" periodicity3="3" periodicity4="4" phase1="0.00" phase2="3.141592653589793" phase3="0.00" phase4="3.141592653589793"/>
<Proper class1="C805" class2="C804" class3="C803" class4="C802" k1="0.000000" k2="15.167000" k3="0.000000" k4="0.000000" periodicity1="1" periodicity2="2" periodicity3="3" periodicity4="4" phase1="0.00" phase2="3.141592653589793" phase3="0.00" phase4="3.141592653589793"/>
<Proper class1="C805" class2="C808" class3="C809" class4="C802" k1="0.000000" k2="15.167000" k3="0.000000" k4="0.000000" periodicity1="1" periodicity2="2" periodicity3="3" periodicity4="4" phase1="0.00" phase2="3.141592653589793" phase3="0.00" phase4="3.141592653589793"/>
<Proper class1="C806" class2="C805" class3="C804" class4="C803" k1="0.000000" k2="15.167000" k3="0.000000" k4="0.000000" periodicity1="1" periodicity2="2" periodicity3="3" periodicity4="4" phase1="0.00" phase2="3.141592653589793" phase3="0.00" phase4="3.141592653589793"/>
<Proper class1="C807" class2="C806" class3="C805" class4="C804" k1="0.000000" k2="0.000000" k3="0.000000" k4="0.000000" periodicity1="1" periodicity2="2" periodicity3="3" periodicity4="4" phase1="0.00" phase2="3.141592653589793" phase3="0.00" phase4="3.141592653589793"/>
<Proper class1="C808" class2="C805" class3="C804" class4="C803" k1="0.000000" k2="15.167000" k3="0.000000" k4="0.000000" periodicity1="1" periodicity2="2" periodicity3="3" periodicity4="4" phase1="0.00" phase2="3.141592653589793" phase3="0.00" phase4="3.141592653589793"/>
<Proper class1="C808" class2="C805" class3="C806" class4="C807" k1="0.000000" k2="0.000000" k3="0.000000" k4="0.000000" periodicity1="1" periodicity2="2" periodicity3="3" periodicity4="4" phase1="0.00" phase2="3.141592653589793" phase3="0.00" phase4="3.141592653589793"/>
<Proper class1="C808" class2="C809" class3="C802" class4="C801" k1="0.000000" k2="15.167000" k3="0.000000" k4="0.000000" periodicity1="1" periodicity2="2" periodicity3="3" periodicity4="4" phase1="0.00" phase2="3.141592653589793" phase3="0.00" phase4="3.141592653589793"/>
<Proper class1="C808" class2="C809" class3="C802" class4="C803" k1="0.000000" k2="15.167000" k3="0.000000" k4="0.000000" periodicity1="1" periodicity2="2" periodicity3="3" periodicity4="4" phase1="0.00" phase2="3.141592653589793" phase3="0.00" phase4="3.141592653589793"/>
<Proper class1="C809" class2="C802" class3="C801" class4="C800" k1="0.000000" k2="0.000000" k3="0.000000" k4="0.000000" periodicity1="1" periodicity2="2" periodicity3="3" periodicity4="4" phase1="0.00" phase2="3.141592653589793" phase3="0.00" phase4="3.141592653589793"/>
<Proper class1="C809" class2="C802" class3="C803" class4="C804" k1="0.000000" k2="15.167000" k3="0.000000" k4="0.000000" periodicity1="1" periodicity2="2" periodicity3="3" periodicity4="4" phase1="0.00" phase2="3.141592653589793" phase3="0.00" phase4="3.141592653589793"/>
<Proper class1="C809" class2="C808" class3="C805" class4="C804" k1="0.000000" k2="15.167000" k3="0.000000" k4="0.000000" periodicity1="1" periodicity2="2" periodicity3="3" periodicity4="4" phase1="0.00" phase2="3.141592653589793" phase3="0.00" phase4="3.141592653589793"/>
<Proper class1="C809" class2="C808" class3="C805" class4="C806" k1="0.000000" k2="15.167000" k3="0.000000" k4="0.000000" periodicity1="1" periodicity2="2" periodicity3="3" periodicity4="4" phase1="0.00" phase2="3.141592653589793" phase3="0.00" phase4="3.141592653589793"/>
<Proper class1="H810" class2="C800" class3="C801" class4="C802" k1="0.000000" k2="0.000000" k3="0.966504" k4="0.000000" periodicity1="1" periodicity2="2" periodicity3="3" periodicity4="4" phase1="0.00" phase2="3.141592653589793" phase3="0.00" phase4="3.141592653589793"/>
<Proper class1="H811" class2="C800" class3="C801" class4="C802" k1="0.000000" k2="0.000000" k3="0.966504" k4="0.000000" periodicity1="1" periodicity2="2" periodicity3="3" periodicity4="4" phase1="0.00" phase2="3.141592653589793" phase3="0.00" phase4="3.141592653589793"/>
<Proper class1="H812" class2="C800" class3="C801" class4="C802" k1="0.000000" k2="0.000000" k3="0.966504" k4="0.000000" periodicity1="1" periodicity2="2" periodicity3="3" periodicity4="4" phase1="0.00" phase2="3.141592653589793" phase3="0.00" phase4="3.141592653589793"/>
<Proper class1="H813" class2="C801" class3="C800" class4="H810" k1="0.000000" k2="0.000000" k3="0.627600" k4="0.000000" periodicity1="1" periodicity2="2" periodicity3="3" periodicity4="4" phase1="0.00" phase2="3.141592653589793" phase3="0.00" phase4="3.141592653589793"/>
<Proper class1="H813" class2="C801" class3="C800" class4="H811" k1="0.000000" k2="0.000000" k3="0.627600" k4="0.000000" periodicity1="1" periodicity2="2" periodicity3="3" periodicity4="4" phase1="0.00" phase2="3.141592653589793" phase3="0.00" phase4="3.141592653589793"/>
<Proper class1="H813" class2="C801" class3="C800" class4="H812" k1="0.000000" k2="0.000000" k3="0.627600" k4="0.000000" periodicity1="1" periodicity2="2" periodicity3="3" periodicity4="4" phase1="0.00" phase2="3.141592653589793" phase3="0.00" phase4="3.141592653589793"/>
<Proper class1="H813" class2="C801" class3="C802" class4="C803" k1="0.000000" k2="0.000000" k3="0.000000" k4="0.000000" periodicity1="1" periodicity2="2" periodicity3="3" periodicity4="4" phase1="0.00" phase2="3.141592653589793" phase3="0.00" phase4="3.141592653589793"/>
<Proper class1="H813" class2="C801" class3="C802" class4="C809" k1="0.000000" k2="0.000000" k3="0.000000" k4="0.000000" periodicity1="1" periodicity2="2" periodicity3="3" periodicity4="4" phase1="0.00" phase2="3.141592653589793" phase3="0.00" phase4="3.141592653589793"/>
<Proper class1="H814" class2="C801" class3="C800" class4="H810" k1="0.000000" k2="0.000000" k3="0.627600" k4="0.000000" periodicity1="1" periodicity2="2" periodicity3="3" periodicity4="4" phase1="0.00" phase2="3.141592653589793" phase3="0.00" phase4="3.141592653589793"/>
<Proper class1="H814" class2="C801" class3="C800" class4="H811" k1="0.000000" k2="0.000000" k3="0.627600" k4="0.000000" periodicity1="1" periodicity2="2" periodicity3="3" periodicity4="4" phase1="0.00" phase2="3.141592653589793" phase3="0.00" phase4="3.141592653589793"/>
<Proper class1="H814" class2="C801" class3="C800" class4="H812" k1="0.000000" k2="0.000000" k3="0.627600" k4="0.000000" periodicity1="1" periodicity2="2" periodicity3="3" periodicity4="4" phase1="0.00" phase2="3.141592653589793" phase3="0.00" phase4="3.141592653589793"/>
<Proper class1="H814" class2="C801" class3="C802" class4="C803" k1="0.000000" k2="0.000000" k3="0.000000" k4="0.000000" periodicity1="1" periodicity2="2" periodicity3="3" periodicity4="4" phase1="0.00" phase2="3.141592653589793" phase3="0.00" phase4="3.141592653589793"/>
<Proper class1="H814" class2="C801" class3="C802" class4="C809" k1="0.000000" k2="0.000000" k3="0.000000" k4="0.000000" periodicity1="1" periodicity2="2" periodicity3="3" periodicity4="4" phase1="0.00" phase2="3.141592653589793" phase3="0.00" phase4="3.141592653589793"/>
<Proper class1="H815" class2="C803" class3="C802" class4="C801" k1="0.000000" k2="15.167000" k3="0.000000" k4="0.000000" periodicity1="1" periodicity2="2" periodicity3="3" periodicity4="4" phase1="0.00" phase2="3.141592653589793" phase3="0.00" phase4="3.141592653589793"/>
<Proper class1="H815" class2="C803" class3="C802" class4="C809" k1="0.000000" k2="15.167000" k3="0.000000" k4="0.000000" periodicity1="1" periodicity2="2" periodicity3="3" periodicity4="4" phase1="0.00" phase2="3.141592653589793" phase3="0.00" phase4="3.141592653589793"/>
<Proper class1="H815" class2="C803" class3="C804" class4="C805" k1="0.000000" k2="15.167000" k3="0.000000" k4="0.000000" periodicity1="1" periodicity2="2" periodicity3="3" periodicity4="4" phase1="0.00" phase2="3.141592653589793" phase3="0.00" phase4="3.141592653589793"/>
<Proper class1="H816" class2="C804" class3="C803" class4="C802" k1="0.000000" k2="15.167000" k3="0.000000" k4="0.000000" periodicity1="1" periodicity2="2" periodicity3="3" periodicity4="4" phase1="0.00" phase2="3.141592653589793" phase3="0.00" phase4="3.141592653589793"/>
<Proper class1="H816" class2="C804" class3="C803" class4="H815" k1="0.000000" k2="15.167000" k3="0.000000" k4="0.000000" periodicity1="1" periodicity2="2" periodicity3="3" periodicity4="4" phase1="0.00" phase2="3.141592653589793" phase3="0.00" phase4="3.141592653589793"/>
<Proper class1="H816" class2="C804" class3="C805" class4="C806" k1="0.000000" k2="15.167000" k3="0.000000" k4="0.000000" periodicity1="1" periodicity2="2" periodicity3="3" periodicity4="4" phase1="0.00" phase2="3.141592653589793" phase3="0.00" phase4="3.141592653589793"/>
<Proper class1="H816" class2="C804" class3="C805" class4="C808" k1="0.000000" k2="15.167000" k3="0.000000" k4="0.000000" periodicity1="1" periodicity2="2" periodicity3="3" periodicity4="4" phase1="0.00" phase2="3.141592653589793" phase3="0.00" phase4="3.141592653589793"/>
<Proper class1="H817" class2="C806" class3="C805" class4="C804" k1="0.000000" k2="0.000000" k3="0.000000" k4="0.000000" periodicity1="1" periodicity2="2" periodicity3="3" periodicity4="4" phase1="0.00" phase2="3.141592653589793" phase3="0.00" phase4="3.141592653589793"/>
<Proper class1="H817" class2="C806" class3="C805" class4="C808" k1="0.000000" k2="0.000000" k3="0.000000" k4="0.000000" periodicity1="1" periodicity2="2" periodicity3="3" periodicity4="4" phase1="0.00" phase2="3.141592653589793" phase3="0.00" phase4="3.141592653589793"/>
<Proper class1="H818" class2="C806" class3="C805" class4="C804" k1="0.000000" k2="0.000000" k3="0.000000" k4="0.000000" periodicity1="1" periodicity2="2" periodicity3="3" periodicity4="4" phase1="0.00" phase2="3.141592653589793" phase3="0.00" phase4="3.141592653589793"/>
<Proper class1="H818" class2="C806" class3="C805" class4="C808" k1="0.000000" k2="0.000000" k3="0.000000" k4="0.000000" periodicity1="1" periodicity2="2" periodicity3="3" periodicity4="4" phase1="0.00" phase2="3.141592653589793" phase3="0.00" phase4="3.141592653589793"/>
<Proper class1="H819" class2="C807" class3="C806" class4="C805" k1="0.000000" k2="0.000000" k3="0.966504" k4="0.000000" periodicity1="1" periodicity2="2" periodicity3="3" periodicity4="4" phase1="0.00" phase2="3.141592653589793" phase3="0.00" phase4="3.141592653589793"/>
<Proper class1="H819" class2="C807" class3="C806" class4="H817" k1="0.000000" k2="0.000000" k3="0.627600" k4="0.000000" periodicity1="1" periodicity2="2" periodicity3="3" periodicity4="4" phase1="0.00" phase2="3.141592653589793" phase3="0.00" phase4="3.141592653589793"/>
<Proper class1="H819" class2="C807" class3="C806" class4="H818" k1="0.000000" k2="0.000000" k3="0.627600" k4="0.000000" periodicity1="1" periodicity2="2" periodicity3="3" periodicity4="4" phase1="0.00" phase2="3.141592653589793" phase3="0.00" phase4="3.141592653589793"/>
<Proper class1="H820" class2="C807" class3="C806" class4="C805" k1="0.000000" k2="0.000000" k3="0.966504" k4="0.000000" periodicity1="1" periodicity2="2" periodicity3="3" periodicity4="4" phase1="0.00" phase2="3.141592653589793" phase3="0.00" phase4="3.141592653589793"/>
<Proper class1="H820" class2="C807" class3="C806" class4="H817" k1="0.000000" k2="0.000000" k3="0.627600" k4="0.000000" periodicity1="1" periodicity2="2" periodicity3="3" periodicity4="4" phase1="0.00" phase2="3.141592653589793" phase3="0.00" phase4="3.141592653589793"/>
<Proper class1="H820" class2="C807" class3="C806" class4="H818" k1="0.000000" k2="0.000000" k3="0.627600" k4="0.000000" periodicity1="1" periodicity2="2" periodicity3="3" periodicity4="4" phase1="0.00" phase2="3.141592653589793" phase3="0.00" phase4="3.141592653589793"/>
<Proper class1="H821" class2="C807" class3="C806" class4="C805" k1="0.000000" k2="0.000000" k3="0.966504" k4="0.000000" periodicity1="1" periodicity2="2" periodicity3="3" periodicity4="4" phase1="0.00" phase2="3.141592653589793" phase3="0.00" phase4="3.141592653589793"/>
<Proper class1="H821" class2="C807" class3="C806" class4="H817" k1="0.000000" k2="0.000000" k3="0.627600" k4="0.000000" periodicity1="1" periodicity2="2" periodicity3="3" periodicity4="4" phase1="0.00" phase2="3.141592653589793" phase3="0.00" phase4="3.141592653589793"/>
<Proper class1="H821" class2="C807" class3="C806" class4="H818" k1="0.000000" k2="0.000000" k3="0.627600" k4="0.000000" periodicity1="1" periodicity2="2" periodicity3="3" periodicity4="4" phase1="0.00" phase2="3.141592653589793" phase3="0.00" phase4="3.141592653589793"/>
<Proper class1="H822" class2="C808" class3="C805" class4="C804" k1="0.000000" k2="15.167000" k3="0.000000" k4="0.000000" periodicity1="1" periodicity2="2" periodicity3="3" periodicity4="4" phase1="0.00" phase2="3.141592653589793" phase3="0.00" phase4="3.141592653589793"/>
<Proper class1="H822" class2="C808" class3="C805" class4="C806" k1="0.000000" k2="15.167000" k3="0.000000" k4="0.000000" periodicity1="1" periodicity2="2" periodicity3="3" periodicity4="4" phase1="0.00" phase2="3.141592653589793" phase3="0.00" phase4="3.141592653589793"/>
<Proper class1="H822" class2="C808" class3="C809" class4="C802" k1="0.000000" k2="15.167000" k3="0.000000" k4="0.000000" periodicity1="1" periodicity2="2" periodicity3="3" periodicity4="4" phase1="0.00" phase2="3.141592653589793" phase3="0.00" phase4="3.141592653589793"/>
<Proper class1="H823" class2="C809" class3="C802" class4="C801" k1="0.000000" k2="15.167000" k3="0.000000" k4="0.000000" periodicity1="1" periodicity2="2" periodicity3="3" periodicity4="4" phase1="0.00" phase2="3.141592653589793" phase3="0.00" phase4="3.141592653589793"/>
<Proper class1="H823" class2="C809" class3="C802" class4="C803" k1="0.000000" k2="15.167000" k3="0.000000" k4="0.000000" periodicity1="1" periodicity2="2" periodicity3="3" periodicity4="4" phase1="0.00" phase2="3.141592653589793" phase3="0.00" phase4="3.141592653589793"/>
<Proper class1="H823" class2="C809" class3="C808" class4="C805" k1="0.000000" k2="15.167000" k3="0.000000" k4="0.000000" periodicity1="1" periodicity2="2" periodicity3="3" periodicity4="4" phase1="0.00" phase2="3.141592653589793" phase3="0.00" phase4="3.141592653589793"/>
<Proper class1="H823" class2="C809" class3="C808" class4="H822" k1="0.000000" k2="15.167000" k3="0.000000" k4="0.000000" periodicity1="1" periodicity2="2" periodicity3="3" periodicity4="4" phase1="0.00" phase2="3.141592653589793" phase3="0.00" phase4="3.141592653589793"/>
<Improper class1="C805" class2="C808" class3="C804" class4="C806" k1="0.000000" k2="10.460000" k3="0.000000" k4="0.000000" periodicity1="1" periodicity2="2" periodicity3="3" periodicity4="4" phase1="0.00" phase2="3.141592653589793" phase3="0.00" phase4="3.141592653589793"/>
<Improper class1="C802" class2="C809" class3="C803" class4="C801" k1="0.000000" k2="10.460000" k3="0.000000" k4="0.000000" periodicity1="1" periodicity2="2" periodicity3="3" periodicity4="4" phase1="0.00" phase2="3.141592653589793" phase3="0.00" phase4="3.141592653589793"/>
<Improper class1="C800" class2="C801" class3="H810" class4="H811" k1="0.000000" k2="0.000000" k3="0.000000" k4="0.000000" periodicity1="1" periodicity2="2" periodicity3="3" periodicity4="4" phase1="0.00" phase2="3.141592653589793" phase3="0.00" phase4="3.141592653589793"/>
<Improper class1="C800" class2="C801" class3="H810" class4="H812" k1="0.000000" k2="0.000000" k3="0.000000" k4="0.000000" periodicity1="1" periodicity2="2" periodicity3="3" periodicity4="4" phase1="0.00" phase2="3.141592653589793" phase3="0.00" phase4="3.141592653589793"/>
<Improper class1="C801" class2="C800" class3="C802" class4="H813" k1="0.000000" k2="0.000000" k3="0.000000" k4="0.000000" periodicity1="1" periodicity2="2" periodicity3="3" periodicity4="4" phase1="0.00" phase2="3.141592653589793" phase3="0.00" phase4="3.141592653589793"/>
<Improper class1="C801" class2="C800" class3="C802" class4="H814" k1="0.000000" k2="0.000000" k3="0.000000" k4="0.000000" periodicity1="1" periodicity2="2" periodicity3="3" periodicity4="4" phase1="0.00" phase2="3.141592653589793" phase3="0.00" phase4="3.141592653589793"/>
<Improper class1="C803" class2="C802" class3="C804" class4="H815" k1="0.000000" k2="10.460000" k3="0.000000" k4="0.000000" periodicity1="1" periodicity2="2" periodicity3="3" periodicity4="4" phase1="0.00" phase2="3.141592653589793" phase3="0.00" phase4="3.141592653589793"/>
<Improper class1="C804" class2="H816" class3="C803" class4="C805" k1="0.000000" k2="10.460000" k3="0.000000" k4="0.000000" periodicity1="1" periodicity2="2" periodicity3="3" periodicity4="4" phase1="0.00" phase2="3.141592653589793" phase3="0.00" phase4="3.141592653589793"/>
<Improper class1="C806" class2="H817" class3="C805" class4="C807" k1="0.000000" k2="0.000000" k3="0.000000" k4="0.000000" periodicity1="1" periodicity2="2" periodicity3="3" periodicity4="4" phase1="0.00" phase2="3.141592653589793" phase3="0.00" phase4="3.141592653589793"/>
<Improper class1="C806" class2="H818" class3="C805" class4="C807" k1="0.000000" k2="0.000000" k3="0.000000" k4="0.000000" periodicity1="1" periodicity2="2" periodicity3="3" periodicity4="4" phase1="0.00" phase2="3.141592653589793" phase3="0.00" phase4="3.141592653589793"/>
<Improper class1="C807" class2="H819" class3="H820" class4="C806" k1="0.000000" k2="0.000000" k3="0.000000" k4="0.000000" periodicity1="1" periodicity2="2" periodicity3="3" periodicity4="4" phase1="0.00" phase2="3.141592653589793" phase3="0.00" phase4="3.141592653589793"/>
<Improper class1="C807" class2="H819" class3="H821" class4="C806" k1="0.000000" k2="0.000000" k3="0.000000" k4="0.000000" periodicity1="1" periodicity2="2" periodicity3="3" periodicity4="4" phase1="0.00" phase2="3.141592653589793" phase3="0.00" phase4="3.141592653589793"/>
<Improper class1="C808" class2="C809" class3="C805" class4="H822" k1="0.000000" k2="10.460000" k3="0.000000" k4="0.000000" periodicity1="1" periodicity2="2" periodicity3="3" periodicity4="4" phase1="0.00" phase2="3.141592653589793" phase3="0.00" phase4="3.141592653589793"/>
<Improper class1="C809" class2="C808" class3="C802" class4="H823" k1="0.000000" k2="10.460000" k3="0.000000" k4="0.000000" periodicity1="1" periodicity2="2" periodicity3="3" periodicity4="4" phase1="0.00" phase2="3.141592653589793" phase3="0.00" phase4="3.141592653589793"/>
</PeriodicTorsionForce>
<NonbondedForce coulomb14scale="0.5" lj14scale="0.5">
<Atom type="opls_808" charge="-0.132600" sigma="0.355000" epsilon="0.292880" />
<Atom type="opls_804" charge="-0.133100" sigma="0.355000" epsilon="0.292880" />
<Atom type="opls_820" charge="0.084200" sigma="0.250000" epsilon="0.125520" />
<Atom type="opls_811" charge="0.084100" sigma="0.250000" epsilon="0.125520" />
<Atom type="opls_817" charge="0.095100" sigma="0.250000" epsilon="0.125520" />
<Atom type="opls_802" charge="-0.085100" sigma="0.355000" epsilon="0.292880" />
<Atom type="opls_805" charge="-0.084000" sigma="0.355000" epsilon="0.292880" />
<Atom type="opls_823" charge="0.138700" sigma="0.242000" epsilon="0.125520" />
<Atom type="opls_819" charge="0.084200" sigma="0.250000" epsilon="0.125520" />
<Atom type="opls_822" charge="0.137400" sigma="0.242000" epsilon="0.125520" />
<Atom type="opls_806" charge="-0.135400" sigma="0.350000" epsilon="0.276144" />
<Atom type="opls_803" charge="-0.133000" sigma="0.355000" epsilon="0.292880" />
<Atom type="opls_810" charge="0.084100" sigma="0.250000" epsilon="0.125520" />
<Atom type="opls_815" charge="0.137500" sigma="0.242000" epsilon="0.125520" />
<Atom type="opls_821" charge="0.084200" sigma="0.250000" epsilon="0.125520" />
<Atom type="opls_818" charge="0.095100" sigma="0.250000" epsilon="0.125520" />
<Atom type="opls_809" charge="-0.133600" sigma="0.355000" epsilon="0.292880" />
<Atom type="opls_813" charge="0.096000" sigma="0.250000" epsilon="0.125520" />
<Atom type="opls_812" charge="0.084100" sigma="0.250000" epsilon="0.125520" />
<Atom type="opls_807" charge="-0.232200" sigma="0.350000" epsilon="0.276144" />
<Atom type="opls_800" charge="-0.233900" sigma="0.350000" epsilon="0.276144" />
<Atom type="opls_816" charge="0.137400" sigma="0.242000" epsilon="0.125520" />
<Atom type="opls_801" charge="-0.135200" sigma="0.350000" epsilon="0.276144" />
<Atom type="opls_814" charge="0.096000" sigma="0.250000" epsilon="0.125520" />
</NonbondedForce>
</ForceField>
